{
  "MSP": {
    "auroc": 0.6442840000000001
  },
  "ODIN": {
    "auroc": 0.7325565
  },
  "Energy": {
    "auroc": 0.73276025
  },
  "Mahalanobis": {
    "auroc": 0.67284
  },
  "Witness": {
    "auroc": 0.75862925
  }
}